1;De Breede Haven Straat
2;Het Waaijgat
3;Het Mandemakers Straatje
4;Achter de Vergulden Truffel
5;Steen Straatje
6;De Hemds Mouw
7;Achter den Steenoven
8;De Krommen Elleboog
9;Bokkings Straatje
10;De Smalle Haven Straat
11;Bokhoven Straatje
12;Peter de Geks Straatje
13;Achter den Roskam
14;St. Geertrui Kerkhof
15;De Kloosters Gang
16;De Koksche Poort
17;Het 2e Straatje van Best
18;Het 1e Straatje van Best
19;De Ruische Poort
20;De Visch Straat
21;De Vischmarkt
22;De Lepel Straat
23;De St. Jans Straat
24;De Kruis Straat
25;De Karren Straat
26;Loodgieters Straatje
27;Eerste Koren Straatje
28;Tweede Koren Straatje
29;De Molen Straat
30;De Gasthuis Poort
31;De Wal Poort
32;De Uilenburg
33;Uilenburgs Straatje
34;Het Lam Straatje
35;De Berewoude Straat
36;Achter den Boomgaard
37;Achter den Engel
38;De Groene Weide
39;Het Kater Straatje
40;Het Galgen Straatje
41;Achter het Fortuintje
42;De Bonte Huid
43;Achter de Vergulde Klok
44;Achter de Kan
45;Het Bleekers Straatje
46;Kuipertjes Wal
47;De Hooge Brakken
48;Het Kruisbroeders Kerkhof
49;Het Kruisbroeders Straatje
50;St. Joris Straat
51;De Keizer Straat
52;Den Ouden Hulst
53;Achter het Lam
54;Het Riool
55;De Bandsche Poort
56;De Wevers Plaats
57;Bonen Gang
58;De Beren Bijt
59;De Mortel
60;Kemelsharen Hoek
61;Het Volders Straatje
62;Water Poortje
63;De Beursen Straat
64;De Ouden Boogaard
65;Paradijs Straatje
66;De Water Straat
67;De Wolven Hoek
68;Achter het Wild Varken
69;Het Klein Lommertje
70;Het Lommertje
71;Achter het Stadhuis
72;Kathovensche Poort
73;De Stoof Straat
74;De Snel Straat
75;Klein Begijn Hof
76;Begijnen Straatje
77;De Minder Broeders Straat
78;De Doode Nieuw Straat
79;Het Scheiding Straatje
80;Het Kerk Straatje
81;Achter de Tolbrug
82;Schapen Gangje
83;Petercelie Straatje
84;De Korte Tolbrug Straat
85;De Meelpoort
86;De Markt Straat
87;De Lange Tolbrug Straat
88;Achter de Raam
89;Achter het Hort
90;Het Muizenhol
91;Het Rosemarijn Straatje
92;De Korte Water Straat
93;De Gasthuis Straat
94;Achter het Vuurstaal
95;Het Gereformeerde Kerkhof
96;De Predikheeren Poort
97;Achter de Boerenmouw
98;De Lieve Vrouwen Poort
99;De Lautsche Poort
100;Zuster van de Orten Poort
101;Het Sleepers Straatje
102;De Schilder Straat
103;De Ganzen Poort
104;Achter de Exters
105;Achter de Mollen
106;Achter den Ossekop
107;Achter het Schapehoofd
108;De Hofstad
109;Achter de Bijkorf
110;St. Andries Straatje
111;St. Antonie Straatje
112;De Diep Straat
113;De Stijsel Pot
114;De Krengel Gang
115;Den Uilenspiegel
116;Allemans Gat
117;Achter den Roskam
118;De Windmolenberg Straat
119;St. Jacobs Straat
120;Achter den Doven
121;De Papenhulst
122;De Clara Straat
123;De Koor Straat
124;De Wees Straat
125;De St. Triniteits Plaats
126;De Oude Dieze
127;Het Ramer Straatje
128;De Lange Put Straat
129;De Korte Put Straat
130;Achter het Azijn Tonnetje
131;De Put Gang
132;De Toren Straat
133;Achter den Engelschen Pispot
134;Achter de Vergulde Ploeg
135;De Gassel Straat
136;St. Anna Plaats
137;De Korte Kerk Straat
138;De Krullen Straat
139;De Kolber Straat
140;De Fontein Straat
141;De Ridder Straat
